,Index,Title,Award,Category,Published Date,URL,Stored Path,Description,Prize Level,Photographer,Award Year
0,1,Not Specified,1976 Photo Contest,General News,"01 January, 1975",https://www.worldpressphoto.org/getmedia/e57b7a0e-1cd9-4d26-9635-75017b852037/1976-Pablo-Bartholomew-GNS1-AH?maxsidesize=1920&resizemode=force,F:\Temp\1976\Pablo Bartholomew\1.jpg,Portrait of a morphine addict and her daily routines in India.,1st prize,Pablo Bartholomew,1976
1,2,Not Specified,1976 Photo Contest,General News,"01 January, 1975",https://www.worldpressphoto.org/getmedia/0ddfa5c7-e1d2-4a37-9f44-0baa5ed23863/1976-Pablo-Bartholomew-GNS1-BH?maxsidesize=1920&resizemode=force,F:\Temp\1976\Pablo Bartholomew\2.jpg,Portrait of a morphine addict and her daily routines in India.,1st prize,Pablo Bartholomew,1976
2,3,Not Specified,1976 Photo Contest,General News,"01 January, 1975",https://www.worldpressphoto.org/getmedia/376aebd9-ab8e-4829-af02-9269d674a620/1976-Pablo-Bartholomew-GNS1-CH?maxsidesize=1920&resizemode=force,F:\Temp\1976\Pablo Bartholomew\3.jpg,Portrait of a morphine addict and her daily routines in India.,1st prize,Pablo Bartholomew,1976
3,4,Not Specified,1976 Photo Contest,General News,"01 January, 1975",https://www.worldpressphoto.org/getmedia/e869f561-dd49-4981-99b0-f402e56253c3/1976-Pablo-Bartholomew-GNS1-DH?maxsidesize=1920&resizemode=force,F:\Temp\1976\Pablo Bartholomew\4.jpg,Portrait of a morphine addict and her daily routines in India.,1st prize,Pablo Bartholomew,1976
4,5,Not Specified,1976 Photo Contest,General News,"01 January, 1975",https://www.worldpressphoto.org/getmedia/3356c472-a2aa-4ffa-b8de-d17bfdb81041/1976-Pablo-Bartholomew-GNS1-EH?maxsidesize=1920&resizemode=force,F:\Temp\1976\Pablo Bartholomew\5.jpg,Portrait of a morphine addict and her daily routines in India.,1st prize,Pablo Bartholomew,1976
5,6,Not Specified,1976 Photo Contest,General News,"01 January, 1975",https://www.worldpressphoto.org/getmedia/a7f18c66-26b2-4548-bedd-fe615145c7b9/1976-Pablo-Bartholomew-GNS1-FH?maxsidesize=1920&resizemode=force,F:\Temp\1976\Pablo Bartholomew\6.jpg,Portrait of a morphine addict and her daily routines in India.,1st prize,Pablo Bartholomew,1976
6,7,Not Specified,1976 Photo Contest,General News,"01 January, 1975",https://www.worldpressphoto.org/getmedia/6a8acf7e-f966-423b-9f86-163582eea777/1976-Pablo-Bartholomew-GNS1-GH?maxsidesize=1920&resizemode=force,F:\Temp\1976\Pablo Bartholomew\7.jpg,Portrait of a morphine addict and her daily routines in India.,1st prize,Pablo Bartholomew,1976
7,8,Not Specified,1976 Photo Contest,General News,"01 January, 1975",https://www.worldpressphoto.org/getmedia/7094a933-fe05-45f4-9449-41e1c4e894f3/1976-Pablo-Bartholomew-GNS1-HH?maxsidesize=1920&resizemode=force,F:\Temp\1976\Pablo Bartholomew\8.jpg,Portrait of a morphine addict and her daily routines in India.,1st prize,Pablo Bartholomew,1976
8,1,Not Specified,1976 Photo Contest,News Feature,"01 January, 1975",https://www.worldpressphoto.org/getmedia/0d62eeea-7acb-470d-ac2c-ff9167a9e7f4/1976-David-Hume-Kennerly-GN1-(1)?maxsidesize=1920&resizemode=force,F:\Temp\1976\David Hume Kennerly\1.jpg,A husband comforts his dying wife at a Cambodian war refugee centre.,1st prize,David Hume Kennerly,1976
9,1,Not Specified,1976 Photo Contest,Humor,"01 January, 1975",https://www.worldpressphoto.org/getmedia/1744cc5b-f4a4-417f-84a3-6ad4d80d3786/1976-Krzysztof-Niemiec-HM3?maxsidesize=1920&resizemode=force,F:\Temp\1976\Krzysztof Niemiec\1.jpg,The apple of father Niemic's 'eye'.,3rd prize,Krzysztof Niemiec,1976
10,1,Not Specified,1976 Photo Contest,Humor,"01 January, 1975",https://www.worldpressphoto.org/getmedia/ccb5924f-77ee-43ee-ae41-646ce6c16c09/1976-Axel-O-Carp-HM2?maxsidesize=1920&resizemode=force,F:\Temp\1976\Axel O. Carp\1.jpg,Girls during a Popular Movement for the Liberation of Angola (MPLA) demonstration.,2nd prize,Axel O. Carp,1976
11,1,Not Specified,1976 Photo Contest,Humor,"01 January, 1975",https://www.worldpressphoto.org/getmedia/3b55665b-9363-43e5-a195-9644cf3d82ed/1976-David-Valentine-HM1?maxsidesize=1920&resizemode=force,F:\Temp\1976\David Valentine\1.jpg,Enoch Ndlovu with his trophy after winning a Zulu dancing contest.,1st prize,David Valentine,1976
12,1,Not Specified,1976 Photo Contest,General News,"01 January, 1975",https://www.worldpressphoto.org/getmedia/93f9e85a-c9ea-4eb1-8b8b-c7dd83cf4253/1976-Shadrack-Nkomo-GNS3-AE?maxsidesize=1920&resizemode=force,F:\Temp\1976\Shadrack Nkomo\1.jpg,Flyweight Petrus 'Trizza' Nkhwanazi is beaten unconscious in the 6th round of a boxing match. He later died of brain injuries in a hospital.,3rd prize,Shadrack Nkomo,1976
13,2,Not Specified,1976 Photo Contest,General News,"01 January, 1975",https://www.worldpressphoto.org/getmedia/a255ed61-a797-4e0e-be09-66300f3ed4e4/1976-Shadrack-Nkomo-GNS3-BE?maxsidesize=1920&resizemode=force,F:\Temp\1976\Shadrack Nkomo\2.jpg,Flyweight Petrus 'Trizza' Nkhwanazi is beaten unconscious in the 6th round of a boxing match. He later died of brain injuries in a hospital.,3rd prize,Shadrack Nkomo,1976
14,3,Not Specified,1976 Photo Contest,General News,"01 January, 1975",https://www.worldpressphoto.org/getmedia/83bd109a-f65a-468e-b5d7-8bf310fdd5e4/1976-Shadrack-Nkomo-GNS3-CE?maxsidesize=1920&resizemode=force,F:\Temp\1976\Shadrack Nkomo\3.jpg,Flyweight Petrus 'Trizza' Nkhwanazi is beaten unconscious in the 6th round of a boxing match. He later died of brain injuries in a hospital.,3rd prize,Shadrack Nkomo,1976
15,4,Not Specified,1976 Photo Contest,General News,"01 January, 1975",https://www.worldpressphoto.org/getmedia/7b41d01c-af2a-4ec4-9365-93862700f4ea/1976-Shadrack-Nkomo-GNS3-DE?maxsidesize=1920&resizemode=force,F:\Temp\1976\Shadrack Nkomo\4.jpg,Flyweight Petrus 'Trizza' Nkhwanazi is beaten unconscious in the 6th round of a boxing match. He later died of brain injuries in a hospital.,3rd prize,Shadrack Nkomo,1976
16,5,Not Specified,1976 Photo Contest,General News,"01 January, 1975",https://www.worldpressphoto.org/getmedia/764bb1ba-7329-475d-9096-5682e00473f5/1976-Shadrack-Nkomo-GNS3-EE?maxsidesize=1920&resizemode=force,F:\Temp\1976\Shadrack Nkomo\5.jpg,Flyweight Petrus 'Trizza' Nkhwanazi is beaten unconscious in the 6th round of a boxing match. He later died of brain injuries in a hospital.,3rd prize,Shadrack Nkomo,1976
17,1,Not Specified,1976 Photo Contest,General News,"01 January, 1975",https://www.worldpressphoto.org/getmedia/2fde6666-4ddd-4c95-a12a-5af4bab42b4f/1976-Michael-O-Brien-GNS2-AL?maxsidesize=1920&resizemode=force,F:\Temp\1976\Michael O'Brien\1.jpg,"John Madden, a homeless man. ""I'll never quit drinking. Some people say they'll quit, but they lie like hell.... I like to get an early start. Sometimes I get in the soup line at the Brothers of the Good Shepherd, but they pray at you damn too much..."".",2nd prize,Michael O'Brien,1976
18,2,Not Specified,1976 Photo Contest,General News,"01 January, 1975",https://www.worldpressphoto.org/getmedia/bd768568-de72-45b6-abe2-5ee40150c40a/1976-Michael-O-Brien-GNS2-BL?maxsidesize=1920&resizemode=force,F:\Temp\1976\Michael O'Brien\2.jpg,"The grave marker of John Madden, a homeless man. ""I'll never quit drinking. Some people say they'll quit, but they lie like hell.... I like to get an early start. Sometimes I get in the soup line at the Brothers of the Good Shepherd, but they pray at you damn too much..."".",2nd prize,Michael O'Brien,1976
19,3,Not Specified,1976 Photo Contest,General News,"01 January, 1975",https://www.worldpressphoto.org/getmedia/a5fb9fbb-9724-4d3f-83d8-f7749831fb95/1976-Michael-O-Brien-GNS2-CL?maxsidesize=1920&resizemode=force,F:\Temp\1976\Michael O'Brien\3.jpg,"John Madden, a homeless man. ""I'll never quit drinking. Some people say they'll quit, but they lie like hell.... I like to get an early start. Sometimes I get in the soup line at the Brothers of the Good Shepherd, but they pray at you damn too much..."".",2nd prize,Michael O'Brien,1976
20,4,Not Specified,1976 Photo Contest,General News,"01 January, 1975",https://www.worldpressphoto.org/getmedia/c0d2c91d-0fa3-44ea-b1d3-c8e2bcfd6506/1976-Michael-O-Brien-GNS2-DL?maxsidesize=1920&resizemode=force,F:\Temp\1976\Michael O'Brien\4.jpg,"John Madden, a homeless man. ""I'll never quit drinking. Some people say they'll quit, but they lie like hell.... I like to get an early start. Sometimes I get in the soup line at the Brothers of the Good Shepherd, but they pray at you damn too much..."".",2nd prize,Michael O'Brien,1976
21,5,Not Specified,1976 Photo Contest,General News,"01 January, 1975",https://www.worldpressphoto.org/getmedia/3ce9eb72-8c47-42aa-bdd6-0be7231e48da/1976-Michael-O-Brien-GNS2-EL?maxsidesize=1920&resizemode=force,F:\Temp\1976\Michael O'Brien\5.jpg,"John Madden, a homeless man. ""I'll never quit drinking. Some people say they'll quit, but they lie like hell.... I like to get an early start. Sometimes I get in the soup line at the Brothers of the Good Shepherd, but they pray at you damn too much..."".",2nd prize,Michael O'Brien,1976
22,6,Not Specified,1976 Photo Contest,General News,"01 January, 1975",https://www.worldpressphoto.org/getmedia/f0bfb346-3201-4bcc-87fe-1d80a41172ac/1976-Michael-O-Brien-GNS2-FL?maxsidesize=1920&resizemode=force,F:\Temp\1976\Michael O'Brien\6.jpg,"John Madden, a homeless man. ""I'll never quit drinking. Some people say they'll quit, but they lie like hell.... I like to get an early start. Sometimes I get in the soup line at the Brothers of the Good Shepherd, but they pray at you damn too much..."".",2nd prize,Michael O'Brien,1976
23,7,Not Specified,1976 Photo Contest,General News,"01 January, 1975",https://www.worldpressphoto.org/getmedia/fc7627ab-742d-47c5-8ec1-1676dabc2c52/1976-Michael-O-Brien-GNS2-GL?maxsidesize=1920&resizemode=force,F:\Temp\1976\Michael O'Brien\7.jpg,"John Madden, a homeless man. ""I'll never quit drinking. Some people say they'll quit, but they lie like hell.... I like to get an early start. Sometimes I get in the soup line at the Brothers of the Good Shepherd, but they pray at you damn too much..."".",2nd prize,Michael O'Brien,1976
24,8,Not Specified,1976 Photo Contest,General News,"01 January, 1975",https://www.worldpressphoto.org/getmedia/a46d5e5c-9fc0-481c-91cd-902573963ae5/1976-Michael-O-Brien-GNS2-HL?maxsidesize=1920&resizemode=force,F:\Temp\1976\Michael O'Brien\8.jpg,"John Madden, a homeless man. ""I'll never quit drinking. Some people say they'll quit, but they lie like hell.... I like to get an early start. Sometimes I get in the soup line at the Brothers of the Good Shepherd, but they pray at you damn too much..."".",2nd prize,Michael O'Brien,1976
25,9,Not Specified,1976 Photo Contest,General News,"01 January, 1975",https://www.worldpressphoto.org/getmedia/032870e0-adbb-4cda-b9e0-936c60fc827d/1976-Michael-O-Brien-GNS2-IL?maxsidesize=1920&resizemode=force,F:\Temp\1976\Michael O'Brien\9.jpg,"John Madden, a homeless man. ""I'll never quit drinking. Some people say they'll quit, but they lie like hell.... I like to get an early start. Sometimes I get in the soup line at the Brothers of the Good Shepherd, but they pray at you damn too much..."".",2nd prize,Michael O'Brien,1976
26,10,Not Specified,1976 Photo Contest,General News,"01 January, 1975",https://www.worldpressphoto.org/getmedia/6bb24b1c-805a-4a8d-aa63-fdf5c734ae0f/1976-Michael-O-Brien-GNS2-JL?maxsidesize=1920&resizemode=force,F:\Temp\1976\Michael O'Brien\10.jpg,"John Madden, a homeless man. ""I'll never quit drinking. Some people say they'll quit, but they lie like hell.... I like to get an early start. Sometimes I get in the soup line at the Brothers of the Good Shepherd, but they pray at you damn too much..."".",2nd prize,Michael O'Brien,1976
27,1,Not Specified,1976 Photo Contest,General News,"01 January, 1975",https://www.worldpressphoto.org/getmedia/fdcad533-0f15-486a-bb04-40f2873c574f/1976-John-Edmund-Lamb-GN2?maxsidesize=1920&resizemode=force,F:\Temp\1976\John Edmund Lamb\1.jpg,"Tug of love: Ted Laws, a football trainer in Australia, wants to hear how his club is getting along without him, while his daughter Marilyn wants to get married. Eventually, Ted and Marilyn made it to the church in time for him to give her away. His club won as well.",2nd prize,John Edmund Lamb,1976
28,1,Not Specified,1976 Photo Contest,News Feature,"01 January, 1975",https://www.worldpressphoto.org/getmedia/8bbfcee3-7120-4cc2-824f-5958bf10d590/1976-Klaus-P-Siebahn-GN3-(1)?maxsidesize=1920&resizemode=force,F:\Temp\1976\Klaus P. Siebahn\1.jpg,A woman mourns the death of General Franco in front of the El Pardo palace.,3rd prize,Klaus P. Siebahn,1976
29,1,Not Specified,1976 Photo Contest,General News,"22 June, 1975",https://www.worldpressphoto.org/getmedia/6e7d211c-3e25-4f3d-82b9-2f5ef2996dce/1976-Clive-Limpkin-GN1?maxsidesize=1920&resizemode=force,F:\Temp\1976\Clive Limpkin\1.jpg,The photographer's son in the garden.,1st prize,Clive Limpkin,1976
30,1,Not Specified,1976 Photo Contest,General Features,"01 January, 1975",https://www.worldpressphoto.org/getmedia/002c0b52-aee5-4122-8fb6-b2672db14644/1976-Hartmut-Beifuss-GN3-(1)?maxsidesize=1920&resizemode=force,F:\Temp\1976\Hartmut Beifuss\1.jpg,An elderly woman receives an injection.,3rd prize,Hartmut Beifuss,1976
31,1,Not Specified,1976 Photo Contest,General Features,"01 January, 1975",https://www.worldpressphoto.org/getmedia/58583c5c-f295-4829-94c2-50fd5c2fa07f/1976-John-Edmund-Lamb-GN2-(1)?maxsidesize=1920&resizemode=force,F:\Temp\1976\John Edmund Lamb\1.jpg,"Tug of love: Ted Laws, a football trainer in Australia, wants to hear how his club is getting along without him, while his daughter Marilyn wants to get married. Eventually, Ted and Marilyn made it to the church in time for him to give her away. His club won as well.",2nd prize,John Edmund Lamb,1976
32,1,Not Specified,1976 Photo Contest,General Features,"22 June, 1975",https://www.worldpressphoto.org/getmedia/0e42f8cb-2fcb-4986-9e94-6f8630728ad4/1976-Clive-Limpkin-GN1-(1)?maxsidesize=1920&resizemode=force,F:\Temp\1976\Clive Limpkin\1.jpg,The photographer's son in the garden.,1st prize,Clive Limpkin,1976
33,1,Not Specified,1976 Photo Contest,Feature Picture,"01 January, 1975",https://www.worldpressphoto.org/getmedia/2c1b22cc-28a7-4716-8fa8-a3796c49abc6/1976-Shadrack-Nkomo-GNS3-AE-(1)?maxsidesize=1920&resizemode=force,F:\Temp\1976\Shadrack Nkomo\1.jpg,Flyweight Petrus 'Trizza' Nkhwanazi is beaten unconscious in the 6th round of a boxing match. He later died of brain injuries in a hospital.,3rd prize,Shadrack Nkomo,1976
34,2,Not Specified,1976 Photo Contest,Feature Picture,"01 January, 1975",https://www.worldpressphoto.org/getmedia/3ee46ab0-cf8b-47b2-afde-5d6e5ac94244/1976-Shadrack-Nkomo-GNS3-BE-(1)?maxsidesize=1920&resizemode=force,F:\Temp\1976\Shadrack Nkomo\2.jpg,Flyweight Petrus 'Trizza' Nkhwanazi is beaten unconscious in the 6th round of a boxing match. He later died of brain injuries in a hospital.,3rd prize,Shadrack Nkomo,1976
35,3,Not Specified,1976 Photo Contest,Feature Picture,"01 January, 1975",https://www.worldpressphoto.org/getmedia/d81d2086-ead8-4e04-85a9-dfefee68d7bc/1976-Shadrack-Nkomo-GNS3-CE-(1)?maxsidesize=1920&resizemode=force,F:\Temp\1976\Shadrack Nkomo\3.jpg,Flyweight Petrus 'Trizza' Nkhwanazi is beaten unconscious in the 6th round of a boxing match. He later died of brain injuries in a hospital.,3rd prize,Shadrack Nkomo,1976
36,4,Not Specified,1976 Photo Contest,Feature Picture,"01 January, 1975",https://www.worldpressphoto.org/getmedia/6386fdcc-bae6-4584-9743-24e03c1e0154/1976-Shadrack-Nkomo-GNS3-DE-(1)?maxsidesize=1920&resizemode=force,F:\Temp\1976\Shadrack Nkomo\4.jpg,Flyweight Petrus 'Trizza' Nkhwanazi is beaten unconscious in the 6th round of a boxing match. He later died of brain injuries in a hospital.,3rd prize,Shadrack Nkomo,1976
37,5,Not Specified,1976 Photo Contest,Feature Picture,"01 January, 1975",https://www.worldpressphoto.org/getmedia/bfa83751-6677-4e09-b36d-30d04287a392/1976-Shadrack-Nkomo-GNS3-EE-(1)?maxsidesize=1920&resizemode=force,F:\Temp\1976\Shadrack Nkomo\5.jpg,Flyweight Petrus 'Trizza' Nkhwanazi is beaten unconscious in the 6th round of a boxing match. He later died of brain injuries in a hospital.,3rd prize,Shadrack Nkomo,1976
38,1,Not Specified,1976 Photo Contest,Feature Picture,"01 January, 1975",https://www.worldpressphoto.org/getmedia/b5aaaf0e-6de3-4f05-b6a2-e48db361185b/1976-Michael-O-Brien-GNS2-AL-(1)?maxsidesize=1920&resizemode=force,F:\Temp\1976\Michael O'Brien\1.jpg,"John Madden, a homeless man. ""I'll never quit drinking. Some people say they'll quit, but they lie like hell.... I like to get an early start. Sometimes I get in the soup line at the Brothers of the Good Shepherd, but they pray at you damn too much..."".",2nd prize,Michael O'Brien,1976
39,2,Not Specified,1976 Photo Contest,Feature Picture,"01 January, 1975",https://www.worldpressphoto.org/getmedia/fbfbf713-32ad-4be4-adf7-cc0826048f8b/1976-Michael-O-Brien-GNS2-BL-(1)?maxsidesize=1920&resizemode=force,F:\Temp\1976\Michael O'Brien\2.jpg,"The grave marker of John Madden, a homeless man. ""I'll never quit drinking. Some people say they'll quit, but they lie like hell.... I like to get an early start. Sometimes I get in the soup line at the Brothers of the Good Shepherd, but they pray at you damn too much..."".",2nd prize,Michael O'Brien,1976
40,3,Not Specified,1976 Photo Contest,Feature Picture,"01 January, 1975",https://www.worldpressphoto.org/getmedia/908a2da7-04c4-4222-add7-c671c3604386/1976-Michael-O-Brien-GNS2-CL-(1)?maxsidesize=1920&resizemode=force,F:\Temp\1976\Michael O'Brien\3.jpg,"John Madden, a homeless man. ""I'll never quit drinking. Some people say they'll quit, but they lie like hell.... I like to get an early start. Sometimes I get in the soup line at the Brothers of the Good Shepherd, but they pray at you damn too much..."".",2nd prize,Michael O'Brien,1976
41,4,Not Specified,1976 Photo Contest,Feature Picture,"01 January, 1975",https://www.worldpressphoto.org/getmedia/fe518eb9-1446-467c-a11e-3bcf0da5439e/1976-Michael-O-Brien-GNS2-DL-(1)?maxsidesize=1920&resizemode=force,F:\Temp\1976\Michael O'Brien\4.jpg,"John Madden, a homeless man. ""I'll never quit drinking. Some people say they'll quit, but they lie like hell.... I like to get an early start. Sometimes I get in the soup line at the Brothers of the Good Shepherd, but they pray at you damn too much..."".",2nd prize,Michael O'Brien,1976
42,5,Not Specified,1976 Photo Contest,Feature Picture,"01 January, 1975",https://www.worldpressphoto.org/getmedia/db83c3ba-69b9-4146-b215-0abe4a366ab5/1976-Michael-O-Brien-GNS2-EL-(1)?maxsidesize=1920&resizemode=force,F:\Temp\1976\Michael O'Brien\5.jpg,"John Madden, a homeless man. ""I'll never quit drinking. Some people say they'll quit, but they lie like hell.... I like to get an early start. Sometimes I get in the soup line at the Brothers of the Good Shepherd, but they pray at you damn too much..."".",2nd prize,Michael O'Brien,1976
43,6,Not Specified,1976 Photo Contest,Feature Picture,"01 January, 1975",https://www.worldpressphoto.org/getmedia/6c187106-40a4-4e32-80e2-1ac1289023e7/1976-Michael-O-Brien-GNS2-FL-(1)?maxsidesize=1920&resizemode=force,F:\Temp\1976\Michael O'Brien\6.jpg,"John Madden, a homeless man. ""I'll never quit drinking. Some people say they'll quit, but they lie like hell.... I like to get an early start. Sometimes I get in the soup line at the Brothers of the Good Shepherd, but they pray at you damn too much..."".",2nd prize,Michael O'Brien,1976
44,7,Not Specified,1976 Photo Contest,Feature Picture,"01 January, 1975",https://www.worldpressphoto.org/getmedia/463bca9e-fbe5-4411-83af-52b736e79d93/1976-Michael-O-Brien-GNS2-GL-(1)?maxsidesize=1920&resizemode=force,F:\Temp\1976\Michael O'Brien\7.jpg,"John Madden, a homeless man. ""I'll never quit drinking. Some people say they'll quit, but they lie like hell.... I like to get an early start. Sometimes I get in the soup line at the Brothers of the Good Shepherd, but they pray at you damn too much..."".",2nd prize,Michael O'Brien,1976
45,8,Not Specified,1976 Photo Contest,Feature Picture,"01 January, 1975",https://www.worldpressphoto.org/getmedia/d0823f11-35e0-433c-9175-ec01f8cf1f64/1976-Michael-O-Brien-GNS2-HL-(1)?maxsidesize=1920&resizemode=force,F:\Temp\1976\Michael O'Brien\8.jpg,"John Madden, a homeless man. ""I'll never quit drinking. Some people say they'll quit, but they lie like hell.... I like to get an early start. Sometimes I get in the soup line at the Brothers of the Good Shepherd, but they pray at you damn too much..."".",2nd prize,Michael O'Brien,1976
46,9,Not Specified,1976 Photo Contest,Feature Picture,"01 January, 1975",https://www.worldpressphoto.org/getmedia/06b33d98-c100-4b2f-8b01-0f10c5a3d872/1976-Michael-O-Brien-GNS2-IL-(1)?maxsidesize=1920&resizemode=force,F:\Temp\1976\Michael O'Brien\9.jpg,"John Madden, a homeless man. ""I'll never quit drinking. Some people say they'll quit, but they lie like hell.... I like to get an early start. Sometimes I get in the soup line at the Brothers of the Good Shepherd, but they pray at you damn too much..."".",2nd prize,Michael O'Brien,1976
47,10,Not Specified,1976 Photo Contest,Feature Picture,"01 January, 1975",https://www.worldpressphoto.org/getmedia/37a89f6c-84ef-4a52-bffe-ddfe3db3929c/1976-Michael-O-Brien-GNS2-JL-(1)?maxsidesize=1920&resizemode=force,F:\Temp\1976\Michael O'Brien\10.jpg,"John Madden, a homeless man. ""I'll never quit drinking. Some people say they'll quit, but they lie like hell.... I like to get an early start. Sometimes I get in the soup line at the Brothers of the Good Shepherd, but they pray at you damn too much..."".",2nd prize,Michael O'Brien,1976
48,1,Not Specified,1976 Photo Contest,Feature Picture,"01 January, 1975",https://www.worldpressphoto.org/getmedia/ac0225b3-932b-458d-a280-902d6de66aa1/1976-Pablo-Bartholomew-GNS1-AH-(1)?maxsidesize=1920&resizemode=force,F:\Temp\1976\Pablo Bartholomew\1.jpg,Portrait of a morphine addict and her daily routines in India.,1st prize,Pablo Bartholomew,1976
49,2,Not Specified,1976 Photo Contest,Feature Picture,"01 January, 1975",https://www.worldpressphoto.org/getmedia/abd2f237-05c3-46c0-9d8c-86dc86c5456a/1976-Pablo-Bartholomew-GNS1-BH-(1)?maxsidesize=1920&resizemode=force,F:\Temp\1976\Pablo Bartholomew\2.jpg,Portrait of a morphine addict and her daily routines in India.,1st prize,Pablo Bartholomew,1976
50,3,Not Specified,1976 Photo Contest,Feature Picture,"01 January, 1975",https://www.worldpressphoto.org/getmedia/3d8e8873-9899-4b0b-a585-e2ed153835dc/1976-Pablo-Bartholomew-GNS1-CH-(1)?maxsidesize=1920&resizemode=force,F:\Temp\1976\Pablo Bartholomew\3.jpg,Portrait of a morphine addict and her daily routines in India.,1st prize,Pablo Bartholomew,1976
51,4,Not Specified,1976 Photo Contest,Feature Picture,"01 January, 1975",https://www.worldpressphoto.org/getmedia/8e06de5b-52b8-4f28-9813-0a86689d14f7/1976-Pablo-Bartholomew-GNS1-DH-(1)?maxsidesize=1920&resizemode=force,F:\Temp\1976\Pablo Bartholomew\4.jpg,Portrait of a morphine addict and her daily routines in India.,1st prize,Pablo Bartholomew,1976
52,5,Not Specified,1976 Photo Contest,Feature Picture,"01 January, 1975",https://www.worldpressphoto.org/getmedia/f0d6cd4c-1a5a-4996-a898-a4ed0a7b4dff/1976-Pablo-Bartholomew-GNS1-EH-(1)?maxsidesize=1920&resizemode=force,F:\Temp\1976\Pablo Bartholomew\5.jpg,Portrait of a morphine addict and her daily routines in India.,1st prize,Pablo Bartholomew,1976
53,6,Not Specified,1976 Photo Contest,Feature Picture,"01 January, 1975",https://www.worldpressphoto.org/getmedia/5571db69-e0b1-4223-8c32-91dcab6d17a4/1976-Pablo-Bartholomew-GNS1-FH-(1)?maxsidesize=1920&resizemode=force,F:\Temp\1976\Pablo Bartholomew\6.jpg,Portrait of a morphine addict and her daily routines in India.,1st prize,Pablo Bartholomew,1976
54,7,Not Specified,1976 Photo Contest,Feature Picture,"01 January, 1975",https://www.worldpressphoto.org/getmedia/d77e3991-52d0-4526-958f-7641efd09f6c/1976-Pablo-Bartholomew-GNS1-GH-(1)?maxsidesize=1920&resizemode=force,F:\Temp\1976\Pablo Bartholomew\7.jpg,Portrait of a morphine addict and her daily routines in India.,1st prize,Pablo Bartholomew,1976
55,8,Not Specified,1976 Photo Contest,Feature Picture,"01 January, 1975",https://www.worldpressphoto.org/getmedia/8ff82a95-881f-4a24-bd05-2f5070c21d8b/1976-Pablo-Bartholomew-GNS1-HH-(1)?maxsidesize=1920&resizemode=force,F:\Temp\1976\Pablo Bartholomew\8.jpg,Portrait of a morphine addict and her daily routines in India.,1st prize,Pablo Bartholomew,1976
56,1,Not Specified,1976 Photo Contest,General News,"01 January, 1975",https://www.worldpressphoto.org/getmedia/50154d07-e8c6-406f-89b2-d2fe2b5f594b/1976-David-Hume-Kennerly-GN1?maxsidesize=1920&resizemode=force,F:\Temp\1976\David Hume Kennerly\1.jpg,A husband comforts his dying wife at a Cambodian war refugee centre.,1st prize,David Hume Kennerly,1976
57,1,Not Specified,1976 Photo Contest,News Picture,"01 January, 1975",https://www.worldpressphoto.org/getmedia/30a30218-bb4c-4992-a314-2050555401c1/1976-Albert-Roosenburg-SNS2-AG-(1)?maxsidesize=1920&resizemode=force,F:\Temp\1976\Albert Roosenburg\1.jpg,"In the first hour of the 16-day occupation of the Indonesian consulate, a hostage makes an attempt to escape from his South-Moluccan captors. He signaled in vain for a blanket before jumping, and died later in the hospital.",2nd prize,Albert Roosenburg,1976
58,2,Not Specified,1976 Photo Contest,News Picture,"01 January, 1975",https://www.worldpressphoto.org/getmedia/368fa642-c284-4022-b1e2-f7aa68718e07/1976-Albert-Roosenburg-SNS2-BG-(1)?maxsidesize=1920&resizemode=force,F:\Temp\1976\Albert Roosenburg\2.jpg,"In the first hour of the 16-day occupation of the Indonesian consulate, a hostage makes an attempt to escape from his South-Moluccan captors. He signaled in vain for a blanket before jumping, and died later in the hospital.",2nd prize,Albert Roosenburg,1976
59,3,Not Specified,1976 Photo Contest,News Picture,"01 January, 1975",https://www.worldpressphoto.org/getmedia/7b17514d-a021-4cd0-8fa1-76eaed2333f4/1976-Albert-Roosenburg-SNS2-CG-(1)?maxsidesize=1920&resizemode=force,F:\Temp\1976\Albert Roosenburg\3.jpg,"In the first hour of the 16-day occupation of the Indonesian consulate, a hostage makes an attempt to escape from his South-Moluccan captors. He signaled in vain for a blanket before jumping, and died later in the hospital.",2nd prize,Albert Roosenburg,1976
60,4,Not Specified,1976 Photo Contest,News Picture,"01 January, 1975",https://www.worldpressphoto.org/getmedia/82936c6d-b24f-4891-a995-a3320ffeba92/1976-Albert-Roosenburg-SNS2-DG-(1)?maxsidesize=1920&resizemode=force,F:\Temp\1976\Albert Roosenburg\4.jpg,"In the first hour of the 16-day occupation of the Indonesian consulate, a hostage makes an attempt to escape from his South-Moluccan captors. He signaled in vain for a blanket before jumping, and died later in the hospital.",2nd prize,Albert Roosenburg,1976
61,5,Not Specified,1976 Photo Contest,News Picture,"01 January, 1975",https://www.worldpressphoto.org/getmedia/64539898-5b3b-4992-b6b1-6baec15aedc4/1976-Albert-Roosenburg-SNS2-EG-(1)?maxsidesize=1920&resizemode=force,F:\Temp\1976\Albert Roosenburg\5.jpg,"In the first hour of the 16-day occupation of the Indonesian consulate, a hostage makes an attempt to escape from his South-Moluccan captors. He signaled in vain for a blanket before jumping, and died later in the hospital.",2nd prize,Albert Roosenburg,1976
62,6,Not Specified,1976 Photo Contest,News Picture,"01 January, 1975",https://www.worldpressphoto.org/getmedia/823bba38-4a82-4d6d-a437-340377d28897/1976-Albert-Roosenburg-SNS2-FG-(1)?maxsidesize=1920&resizemode=force,F:\Temp\1976\Albert Roosenburg\6.jpg,"In the first hour of the 16-day occupation of the Indonesian consulate, a hostage makes an attempt to escape from his South-Moluccan captors. He signaled in vain for a blanket before jumping, and died later in the hospital.",2nd prize,Albert Roosenburg,1976
63,7,Not Specified,1976 Photo Contest,News Picture,"01 January, 1975",https://www.worldpressphoto.org/getmedia/dc83ccc6-13ce-436f-b8a2-4e0b077c4956/1976-Albert-Roosenburg-SNS2-GG-(1)?maxsidesize=1920&resizemode=force,F:\Temp\1976\Albert Roosenburg\7.jpg,"In the first hour of the 16-day occupation of the Indonesian consulate, a hostage makes an attempt to escape from his South-Moluccan captors. He signaled in vain for a blanket before jumping, and died later in the hospital.",2nd prize,Albert Roosenburg,1976
64,1,Not Specified,1976 Photo Contest,News Feature,"01 January, 1975",https://www.worldpressphoto.org/getmedia/f6fbdd8d-9de8-4f5f-acb0-6b58a49cf06b/1976-Tadeusz-Trepanowski-GN2-(1)?maxsidesize=1920&resizemode=force,F:\Temp\1976\Tadeusz Trepanowski\1.jpg,Tired clergymen.,2nd prize,Tadeusz Trepanowski,1976
65,1,Not Specified,1976 Photo Contest,People in the News,"01 January, 1975",https://www.worldpressphoto.org/getmedia/5ea02d3a-7257-4e70-a609-477dc60dd2e9/1976-David-Hume-Kennerly-PN1?maxsidesize=1920&resizemode=force,F:\Temp\1976\David Hume Kennerly\1.jpg,A Cambodian refugee.,1st prize,David Hume Kennerly,1976
66,1,Not Specified,1976 Photo Contest,News Picture,"17 April, 1975",https://www.worldpressphoto.org/getmedia/99ec036d-24e8-4782-8b66-de24b17f7c51/1976-Sven-Erik-Sjoberg-SNS3-AK-(1)?maxsidesize=1920&resizemode=force,F:\Temp\1976\Sven-Erik Sjöberg\1.jpg,The fall of Phnom Penh: A republican soldier cries over his dead friends.,3rd prize,Sven-Erik Sjöberg,1976
67,2,Not Specified,1976 Photo Contest,News Picture,"17 April, 1975",https://www.worldpressphoto.org/getmedia/3d6628ea-e54e-49c3-97c2-053e67f656e4/1976-Sven-Erik-Sjoberg-SNS3-BK-(1)?maxsidesize=1920&resizemode=force,F:\Temp\1976\Sven-Erik Sjöberg\2.jpg,The fall of Phnom Penh: Columns of guerillas.,3rd prize,Sven-Erik Sjöberg,1976
68,3,Not Specified,1976 Photo Contest,News Picture,"17 April, 1975",https://www.worldpressphoto.org/getmedia/dfda648e-05ae-4dbf-9df1-763707603e3a/1976-Sven-Erik-Sjoberg-SNS3-CK-(1)?maxsidesize=1920&resizemode=force,F:\Temp\1976\Sven-Erik Sjöberg\3.jpg,The fall of Phnom Penh.,3rd prize,Sven-Erik Sjöberg,1976
69,4,Not Specified,1976 Photo Contest,News Picture,"17 April, 1975",https://www.worldpressphoto.org/getmedia/483af6f1-4d2f-40f1-b7ca-8bd6945b66ca/1976-Sven-Erik-Sjoberg-SNS3-DK-(1)?maxsidesize=1920&resizemode=force,F:\Temp\1976\Sven-Erik Sjöberg\4.jpg,The fall of Phnom Penh: A man tears down photographs of the former president.,3rd prize,Sven-Erik Sjöberg,1976
70,5,Not Specified,1976 Photo Contest,News Picture,"17 April, 1975",https://www.worldpressphoto.org/getmedia/04bba423-9dee-4ad6-8958-8e4d26ba4c4f/1976-Sven-Erik-Sjoberg-SNS3-EK-(1)?maxsidesize=1920&resizemode=force,F:\Temp\1976\Sven-Erik Sjöberg\5.jpg,The fall of Phnom Penh: Triumphant Khmer Rouge guerilla soldiers are back in the capital after years in the jungle.,3rd prize,Sven-Erik Sjöberg,1976
71,6,Not Specified,1976 Photo Contest,News Picture,"17 April, 1975",https://www.worldpressphoto.org/getmedia/828862e8-30c9-418c-87ae-380df0703510/1976-Sven-Erik-Sjoberg-SNS3-FK-(1)?maxsidesize=1920&resizemode=force,F:\Temp\1976\Sven-Erik Sjöberg\6.jpg,The fall of Phnom Penh.,3rd prize,Sven-Erik Sjöberg,1976
72,7,Not Specified,1976 Photo Contest,News Picture,"17 April, 1975",https://www.worldpressphoto.org/getmedia/4d9b645b-9f2c-454a-b21a-cfbf75349abf/1976-Sven-Erik-Sjoberg-SNS3-GK-(1)?maxsidesize=1920&resizemode=force,F:\Temp\1976\Sven-Erik Sjöberg\7.jpg,The fall of Phnom Penh.,3rd prize,Sven-Erik Sjöberg,1976
73,8,Not Specified,1976 Photo Contest,News Picture,"17 April, 1975",https://www.worldpressphoto.org/getmedia/94b10224-4cbd-4c25-b8ec-46189cbae29d/1976-Sven-Erik-Sjoberg-SNS3-HK-(1)?maxsidesize=1920&resizemode=force,F:\Temp\1976\Sven-Erik Sjöberg\8.jpg,The fall of Phnom Penh: Heaps of arms and equipment from the vanquished republicans are piled on the street.,3rd prize,Sven-Erik Sjöberg,1976
74,9,Not Specified,1976 Photo Contest,News Picture,"17 April, 1975",https://www.worldpressphoto.org/getmedia/4cf6c136-fb91-45da-af92-616a809c9501/1976-Sven-Erik-Sjoberg-SNS3-IK-(1)?maxsidesize=1920&resizemode=force,F:\Temp\1976\Sven-Erik Sjöberg\9.jpg,The fall of Phnom Penh: People panic after the new rulers ordered all civilians to leave the capital.,3rd prize,Sven-Erik Sjöberg,1976
75,10,Not Specified,1976 Photo Contest,News Picture,"17 April, 1975",https://www.worldpressphoto.org/getmedia/8048ac38-846c-4a6b-85cd-be468ab6e507/1976-Sven-Erik-Sjoberg-SNS3-JK-(1)?maxsidesize=1920&resizemode=force,F:\Temp\1976\Sven-Erik Sjöberg\10.jpg,The fall of Phnom Penh: Civil servants of the fallen government take refuge in the compound of the French embassy.,3rd prize,Sven-Erik Sjöberg,1976
76,1,Not Specified,1976 Photo Contest,Spot News,"01 January, 1975",https://www.worldpressphoto.org/getmedia/cb5c0304-4865-4c75-9ff1-2456df2737c0/1976-Albert-Roosenburg-SNS2-AG?maxsidesize=1920&resizemode=force,F:\Temp\1976\Albert Roosenburg\1.jpg,"In the first hour of the 16-day occupation of the Indonesian consulate, a hostage makes an attempt to escape from his South-Moluccan captors. He signaled in vain for a blanket before jumping, and died later in the hospital.",2nd prize,Albert Roosenburg,1976
77,2,Not Specified,1976 Photo Contest,Spot News,"01 January, 1975",https://www.worldpressphoto.org/getmedia/1cde039b-a624-45cb-930b-d5c6dbb060ba/1976-Albert-Roosenburg-SNS2-BG?maxsidesize=1920&resizemode=force,F:\Temp\1976\Albert Roosenburg\2.jpg,"In the first hour of the 16-day occupation of the Indonesian consulate, a hostage makes an attempt to escape from his South-Moluccan captors. He signaled in vain for a blanket before jumping, and died later in the hospital.",2nd prize,Albert Roosenburg,1976
78,3,Not Specified,1976 Photo Contest,Spot News,"01 January, 1975",https://www.worldpressphoto.org/getmedia/2e4dbc03-d5cb-4f55-805e-cf0554ad8037/1976-Albert-Roosenburg-SNS2-CG?maxsidesize=1920&resizemode=force,F:\Temp\1976\Albert Roosenburg\3.jpg,"In the first hour of the 16-day occupation of the Indonesian consulate, a hostage makes an attempt to escape from his South-Moluccan captors. He signaled in vain for a blanket before jumping, and died later in the hospital.",2nd prize,Albert Roosenburg,1976
79,4,Not Specified,1976 Photo Contest,Spot News,"01 January, 1975",https://www.worldpressphoto.org/getmedia/e8800370-15ae-4ae8-8c34-a6fd94b9cc9a/1976-Albert-Roosenburg-SNS2-DG?maxsidesize=1920&resizemode=force,F:\Temp\1976\Albert Roosenburg\4.jpg,"In the first hour of the 16-day occupation of the Indonesian consulate, a hostage makes an attempt to escape from his South-Moluccan captors. He signaled in vain for a blanket before jumping, and died later in the hospital.",2nd prize,Albert Roosenburg,1976
80,5,Not Specified,1976 Photo Contest,Spot News,"01 January, 1975",https://www.worldpressphoto.org/getmedia/f709e6cc-a898-407b-812d-172ee257f94d/1976-Albert-Roosenburg-SNS2-EG?maxsidesize=1920&resizemode=force,F:\Temp\1976\Albert Roosenburg\5.jpg,"In the first hour of the 16-day occupation of the Indonesian consulate, a hostage makes an attempt to escape from his South-Moluccan captors. He signaled in vain for a blanket before jumping, and died later in the hospital.",2nd prize,Albert Roosenburg,1976
81,6,Not Specified,1976 Photo Contest,Spot News,"01 January, 1975",https://www.worldpressphoto.org/getmedia/74a35db7-fea9-48f1-a782-3ee16db0b0c4/1976-Albert-Roosenburg-SNS2-FG?maxsidesize=1920&resizemode=force,F:\Temp\1976\Albert Roosenburg\6.jpg,"In the first hour of the 16-day occupation of the Indonesian consulate, a hostage makes an attempt to escape from his South-Moluccan captors. He signaled in vain for a blanket before jumping, and died later in the hospital.",2nd prize,Albert Roosenburg,1976
82,7,Not Specified,1976 Photo Contest,Spot News,"01 January, 1975",https://www.worldpressphoto.org/getmedia/e56a05d1-4477-4570-9419-1d7ceb9ec76d/1976-Albert-Roosenburg-SNS2-GG?maxsidesize=1920&resizemode=force,F:\Temp\1976\Albert Roosenburg\7.jpg,"In the first hour of the 16-day occupation of the Indonesian consulate, a hostage makes an attempt to escape from his South-Moluccan captors. He signaled in vain for a blanket before jumping, and died later in the hospital.",2nd prize,Albert Roosenburg,1976
83,1,Not Specified,1976 Photo Contest,Spot News,"22 July, 1975",https://www.worldpressphoto.org/getmedia/a9ebab31-895b-4dcf-978e-0c7a4541c7e6/1976-Stanley-Forman-SNS1-AE?maxsidesize=1920&resizemode=force,F:\Temp\1976\Stanley Forman\1.jpg,"Boston, USA.

Nineteen-year-old Diana Bryant and her two-year-old niece and goddaughter Tiare Jones are hurled off a collapsing fire escape during an apartment fire on Marlborough Street. 

The two waited with firefighter Robert O’Neil for a rescue ladder to reach them. As the firefighter climbed onto the rescue ladder, the fire escape collapsed under their feet and they fell to the ground five floors below. The woman was killed but the child survived, her fall cushioned by the woman's body.",1st prize,Stanley Forman,1976
84,2,Not Specified,1976 Photo Contest,Spot News,"22 July, 1975",https://www.worldpressphoto.org/getmedia/465e83ea-9a8e-46b4-8001-3cda8c73cf8b/1976-Stanley-Forman-SNS1-BE?maxsidesize=1920&resizemode=force,F:\Temp\1976\Stanley Forman\2.jpg,"Boston, USA.

Nineteen-year-old Diana Bryant and her two-year-old niece and goddaughter Tiare Jones are hurled off a collapsing fire escape during an apartment fire on Marlborough Street. 

The two waited with firefighter Robert O’Neil for a rescue ladder to reach them. As the firefighter climbed onto the rescue ladder, the fire escape collapsed under their feet and they fell to the ground five floors below. The woman was killed but the child survived, her fall cushioned by the woman's body.",1st prize,Stanley Forman,1976
85,3,Not Specified,1976 Photo Contest,Spot News,"22 July, 1975",https://www.worldpressphoto.org/getmedia/9d96c735-a44f-44bd-9d2b-e8478d3e6f67/1976-Stanley-Forman-SNS1-CE?maxsidesize=1920&resizemode=force,F:\Temp\1976\Stanley Forman\3.jpg,"Boston, USA.

Nineteen-year-old Diana Bryant and her two-year-old niece and goddaughter Tiare Jones are hurled off a collapsing fire escape during an apartment fire on Marlborough Street. 

The two waited with firefighter Robert O’Neil for a rescue ladder to reach them. As the firefighter climbed onto the rescue ladder, the fire escape collapsed under their feet and they fell to the ground five floors below. The woman was killed but the child survived, her fall cushioned by the woman's body.",1st prize,Stanley Forman,1976
86,4,Not Specified,1976 Photo Contest,Spot News,"22 July, 1975",https://www.worldpressphoto.org/getmedia/2f9340a1-e39d-4df5-aba4-a69b604930a3/1976-Stanley-Forman-SNS1-DE?maxsidesize=1920&resizemode=force,F:\Temp\1976\Stanley Forman\4.jpg,"Boston, USA

Nineteen-year-old Diana Bryant and her two-year-old niece and goddaughter Tiare Jones are hurled off a collapsing fire escape during an apartment fire on Marlborough Street. 

The two waited with firefighter Robert O’Neil for a rescue ladder to reach them. As the firefighter climbed onto the rescue ladder, the fire escape collapsed under their feet and they fell to the ground five floors below. The woman was killed but the child survived, her fall cushioned by the woman's body.",1st prize,Stanley Forman,1976
87,5,Not Specified,1976 Photo Contest,Spot News,"22 July, 1975",https://www.worldpressphoto.org/getmedia/075e1b67-9be0-435f-8bc7-81d4b4a6db73/1976-Stanley-Forman-SNS1-EE?maxsidesize=1920&resizemode=force,F:\Temp\1976\Stanley Forman\5.jpg,"Boston, USA.

Nineteen-year-old Diana Bryant and her two-year-old niece and goddaughter Tiare Jones are hurled off a collapsing fire escape during an apartment fire on Marlborough Street. 

The two waited with firefighter Robert O’Neil for a rescue ladder to reach them. As the firefighter climbed onto the rescue ladder, the fire escape collapsed under their feet and they fell to the ground five floors below. The woman was killed but the child survived, her fall cushioned by the woman's body.",1st prize,Stanley Forman,1976
88,1,Not Specified,1976 Photo Contest,Spot News,"01 December, 1975",https://www.worldpressphoto.org/getmedia/d66c9a76-afc5-4a19-bb68-d495dd4f122c/1976-Jan-Stappenbeld-SNS1-AD?maxsidesize=1920&resizemode=force,F:\Temp\1976\Jan Stappenbeld\1.jpg,"A hostage is executed on hijacked train no. 734, near Wijster in The Netherlands.

A group of South Moluccans hijacked the train. appealing to the Dutch government to press for an independent state for their people in Indonesia. Their parents, many of whom fought on the side of the ruling Dutch during Indonesia's war of independence between 1945 and 1949, left Indonesia for fear of reprisals. For about 25 years they lived in temporary camps, often in poor conditions. They hoped to return but were gradually integrated into Dutch society. Currently some 40,000 South Moluccans live in the Netherlands.

Photographer Jan Stappenbeld was present at the World Press Photo press conference on 4 March 1976 in the Amsterdam Hilton hotel, where the winners of the 1976 contest were announced. When Plug journalist Aloys Ginjaar asked Stappenbeld if he was happy with his prize he said surprised: ‘Happy? Ofcourse I am not happy. I think it is horrible that acts of violence, such as the one I photographed, still happen in our world, even in our country. But I am a press photographer and my boss tells me to come back with news pictures. If news means the hijacking of a train, I cannot do much else than showing pictures of this. I would be a bad photojournalist if would not press the button if I encountered something that is worth photographing.’",1st prize,Jan Stappenbeld,1976
89,2,Not Specified,1976 Photo Contest,Spot News,"01 December, 1975",https://www.worldpressphoto.org/getmedia/7f55e1f9-7224-40fb-bd1e-33ed272c9a74/1976-Jan-Stappenbeld-SNS1-BD?maxsidesize=1920&resizemode=force,F:\Temp\1976\Jan Stappenbeld\2.jpg,"A hostage is executed on hijacked train no. 734, near Wijster in the Netherlands.

A group of South Moluccans hijacked the train, appealing to the Dutch government to press for an independent state for their people in Indonesia. Their parents, many of whom fought on the side of the ruling Dutch during Indonesia's war of independence between 1945 and 1949, left Indonesia for fear of reprisals. For about 25 years they lived in temporary camps, often in poor conditions. They hoped to return but were gradually integrated into Dutch society. Currently some 40,000 South Moluccans live in the Netherlands.

Photographer Jan Stappenbeld was present at the World Press Photo press conference on 4 March 1976 in the Amsterdam Hilton hotel, where the winners of the 1976 contest were announced. When Plug journalist Aloys Ginjaar asked Stappenbeld if he was happy with his prize he said surprised: ‘Happy? Ofcourse I am not happy. I think it is horrible that acts of violence, such as the one I photographed, still happen in our world, even in our country. But I am a press photographer and my boss tells me to come back with news pictures. If news means the hijacking of a train, I cannot do much else than showing pictures of this. I would be a bad photojournalist if would not press the button if I encountered something that is worth photographing.’",1st prize,Jan Stappenbeld,1976
90,3,Not Specified,1976 Photo Contest,Spot News,"01 December, 1975",https://www.worldpressphoto.org/getmedia/30003c77-24c8-42d1-abcd-0d5dbf6dde57/1976-Jan-Stappenbeld-SNS1-CD?maxsidesize=1920&resizemode=force,F:\Temp\1976\Jan Stappenbeld\3.jpg,"A hostage is executed on hijacked train no. 734 near Wijster in the Netherlands. 

A group of South Moluccans hijacked the train, appealing to the Dutch government to press for an independent state for their people in Indonesia. Their parents, many of whom fought on the side of the ruling Dutch during Indonesia's war of independence between 1945 and 1949, left Indonesia for fear of reprisals. For about 25 years they lived in temporary camps, often in poor conditions. They hoped to return but were gradually integrated into Dutch society. Currently some 40,000 South Moluccans live in the Netherlands.

Photographer Jan Stappenbeld was present at the World Press Photo press conference on 4 March 1976 in the Amsterdam Hilton hotel, where the winners of the 1976 contest were announced. When Plug journalist Aloys Ginjaar asked Stappenbeld if he was happy with his prize he said surprised: ‘Happy? Ofcourse I am not happy. I think it is horrible that acts of violence, such as the one I photographed, still happen in our world, even in our country. But I am a press photographer and my boss tells me to come back with news pictures. If news means the hijacking of a train, I cannot do much else than showing pictures of this. I would be a bad photojournalist if would not press the button if I encountered something that is worth photographing.’",1st prize,Jan Stappenbeld,1976
91,4,Not Specified,1976 Photo Contest,Spot News,"01 December, 1975",https://www.worldpressphoto.org/getmedia/c20f74de-0449-488d-b1b6-c511651694e6/1976-Jan-Stappenbeld-SNS1-DD?maxsidesize=1920&resizemode=force,F:\Temp\1976\Jan Stappenbeld\4.jpg,"A hostage is executed on hijacked train no. 734 near Wijster in the Netherlands. 

A group of South Moluccans hijacked the train, appealing to the Dutch government to press for an independent state for their people in Indonesia. Their parents, many of whom fought on the side of the ruling Dutch during Indonesia's war of independence between 1945 and 1949, left Indonesia for fear of reprisals. For about 25 years they lived in temporary camps, often in poor conditions. They hoped to return but were gradually integrated into Dutch society. Currently some 40,000 South Moluccans live in the Netherlands.

Photographer Jan Stappenbeld was present at the World Press Photo press conference on 4 March 1976 in the Amsterdam Hilton hotel, where the winners of the 1976 contest were announced. When Plug journalist Aloys Ginjaar asked Stappenbeld if he was happy with his prize he said surprised: ‘Happy? Ofcourse I am not happy. I think it is horrible that acts of violence, such as the one I photographed, still happen in our world, even in our country. But I am a press photographer and my boss tells me to come back with news pictures. If news means the hijacking of a train, I cannot do much else than showing pictures of this. I would be a bad photojournalist if would not press the button if I encountered something that is worth photographing.’",1st prize,Jan Stappenbeld,1976
92,1,Not Specified,1976 Photo Contest,Spot News,"01 December, 1975",https://www.worldpressphoto.org/getmedia/3c265797-8738-4c97-ad30-e6ed21dcf35c/1976-Ben-Blumers-SN3?maxsidesize=1920&resizemode=force,F:\Temp\1976\Ben Blumers\1.jpg,"Hostages are released from the Indonesian consulate. They were held by a group of South Moluccans appealing to the Dutch government for improved circumstances and support for an independent state in Indonesia. Of the 41 hostages taken, 16 were children - who were the first to be released.",3rd prize,Ben Blumers,1976
93,1,Not Specified,1976 Photo Contest,Spot News,"02 April, 1975",https://www.worldpressphoto.org/getmedia/8ddd23ee-330f-4e50-a380-38c98aef5c6e/1976-Thai-Khac-Chuong-SN1?maxsidesize=1920&resizemode=force,F:\Temp\1976\Thai Khac Chuong\1.jpg,"A man trying to board an overloaded evacuation plane is stopped by an American official at Nha Trang Air Base in South Vietnam. Nha Trang was captured by North Vietnamese forces on 2 April 1975.

On 14 March 1974, South Vietnamese President Nguyen Van Thieu ordered a general withdrawal of ARVN forces from Vietnam's central highlands region. This turned into an chaotic situation with masses of military and civilians fleeing southwards. Thousands of refugees believed Nha Trang to be a safe haven, but by 1 April 1975 the general panic of retreat reached Nha Trang, which was abandoned by the South Vietnamese Army one day later, yielding the entire northern half of South Vietnam to the North Vietnamese.",1st prize,Thai Khac Chuong,1976
94,1,Not Specified,1976 Photo Contest,Sports,"01 January, 1975",https://www.worldpressphoto.org/getmedia/d79ae7f0-c235-4405-93cf-3ee8ab7bfea8/1976-Daniel-Farrell-SP3?maxsidesize=1920&resizemode=force,F:\Temp\1976\Daniel Farrell\1.jpg,A man clears the track for runners of the classic mile.,3rd prize,Daniel Farrell,1976
95,1,Not Specified,1976 Photo Contest,Sports,"01 January, 1975",https://www.worldpressphoto.org/getmedia/3f45b12a-2b97-4356-8fd3-bf223359bfee/1976-Andre-Baranyi-SP2?maxsidesize=1920&resizemode=force,F:\Temp\1976\Andre Baranyi\1.jpg,A ping-pong player serves for the final point.,2nd prize,Andre Baranyi,1976
96,1,Not Specified,1976 Photo Contest,Spot News,"01 January, 1975",https://www.worldpressphoto.org/getmedia/9f285fed-1044-4749-afb2-2f35ab1f0388/1976-Nico-Koster-SN2?maxsidesize=1920&resizemode=force,F:\Temp\1976\Nico Koster\1.jpg,The first ultimatum in a hostage situation at the Indonesian consulate. Hostages were taken by a group of South Moluccans appealing to the Dutch government for improved circumstances and support for independence from Indonesia.,2nd prize,Nico Koster,1976
97,1,Not Specified,1976 Photo Contest,Photo Sequences,"01 January, 1975",https://www.worldpressphoto.org/getmedia/5574dcab-ef98-4be4-9fb5-34573f81e04e/1976-Sven-Erik-Sjoberg-PNS3-AE-(1)?maxsidesize=1920&resizemode=force,F:\Temp\1976\Sven-Erik Sjöberg\1.jpg,"An abandoned boy in a rice paddy in a suburb of Phnom Penh, days before the republic's fall to the Khmer Rouge. His parents were killed and his home burnt during a mortar attack.",3rd prize,Sven-Erik Sjöberg,1976
98,2,Not Specified,1976 Photo Contest,Photo Sequences,"01 January, 1975",https://www.worldpressphoto.org/getmedia/06655cf4-b4c3-4498-ab6f-ac4dd7870900/1976-Sven-Erik-Sjoberg-PNS3-BE-(1)?maxsidesize=1920&resizemode=force,F:\Temp\1976\Sven-Erik Sjöberg\2.jpg,"An abandoned boy in a rice paddy in a suburb of Phnom Penh, days before the republic's fall to the Khmer Rouge. His parents were killed and his home burnt during a mortar attack.",3rd prize,Sven-Erik Sjöberg,1976
99,3,Not Specified,1976 Photo Contest,Photo Sequences,"01 January, 1975",https://www.worldpressphoto.org/getmedia/5d53ff77-9d40-440d-9ca1-c19328c412b5/1976-Sven-Erik-Sjoberg-PNS3-CE-(1)?maxsidesize=1920&resizemode=force,F:\Temp\1976\Sven-Erik Sjöberg\3.jpg,"An abandoned boy in a rice paddy in a suburb of Phnom Penh, days before the republic's fall to the Khmer Rouge. His parents were killed and his home burnt during a mortar attack.",3rd prize,Sven-Erik Sjöberg,1976
100,4,Not Specified,1976 Photo Contest,Photo Sequences,"01 January, 1975",https://www.worldpressphoto.org/getmedia/b72e47c3-ecdc-49f0-9782-edb40ce8ef2d/1976-Sven-Erik-Sjoberg-PNS3-DE-(1)?maxsidesize=1920&resizemode=force,F:\Temp\1976\Sven-Erik Sjöberg\4.jpg,"An abandoned boy in a rice paddy in a suburb of Phnom Penh, days before the republic's fall to the Khmer Rouge. His parents were killed and his home burnt during a mortar attack.",3rd prize,Sven-Erik Sjöberg,1976
101,5,Not Specified,1976 Photo Contest,Photo Sequences,"01 January, 1975",https://www.worldpressphoto.org/getmedia/610c3863-834f-4e46-9d57-2c4f0e9cc60d/1976-Sven-Erik-Sjoberg-PNS3-EE-(1)?maxsidesize=1920&resizemode=force,F:\Temp\1976\Sven-Erik Sjöberg\5.jpg,"An abandoned boy in a rice paddy in a suburb of Phnom Penh, days before the republic's fall to the Khmer Rouge. His parents were killed and his home burnt during a mortar attack.",3rd prize,Sven-Erik Sjöberg,1976
102,1,Not Specified,1976 Photo Contest,Photo Sequences,"01 January, 1975",https://www.worldpressphoto.org/getmedia/650f673e-8480-4ba1-9151-8b7f58fdb51f/1976-Peter-Bregg-PNS2-AF-(1)?maxsidesize=1920&resizemode=force,F:\Temp\1976\Peter Bregg\1.jpg,US President Gerald Ford takes a fall.,2nd prize,Peter Bregg,1976
103,2,Not Specified,1976 Photo Contest,Photo Sequences,"01 January, 1975",https://www.worldpressphoto.org/getmedia/8dfcbd47-4440-49c7-87c1-9854b74c082d/1976-Peter-Bregg-PNS2-BF-(1)?maxsidesize=1920&resizemode=force,F:\Temp\1976\Peter Bregg\2.jpg,US President Gerald Ford takes a fall.,2nd prize,Peter Bregg,1976
104,3,Not Specified,1976 Photo Contest,Photo Sequences,"01 January, 1975",https://www.worldpressphoto.org/getmedia/da843b37-edd2-403e-826c-5f7b7d20125e/1976-Peter-Bregg-PNS2-CF-(1)?maxsidesize=1920&resizemode=force,F:\Temp\1976\Peter Bregg\3.jpg,US President Gerald Ford takes a fall.,2nd prize,Peter Bregg,1976
105,4,Not Specified,1976 Photo Contest,Photo Sequences,"01 January, 1975",https://www.worldpressphoto.org/getmedia/34a54cd5-cbb5-4b6e-9b16-12f6b50d079f/1976-Peter-Bregg-PNS2-DF-(1)?maxsidesize=1920&resizemode=force,F:\Temp\1976\Peter Bregg\4.jpg,US President Gerald Ford takes a fall.,2nd prize,Peter Bregg,1976
106,5,Not Specified,1976 Photo Contest,Photo Sequences,"01 January, 1975",https://www.worldpressphoto.org/getmedia/44c41f57-05e1-4a3e-9534-e42aec6e0dcb/1976-Peter-Bregg-PNS2-EF-(1)?maxsidesize=1920&resizemode=force,F:\Temp\1976\Peter Bregg\5.jpg,US President Gerald Ford takes a fall.,2nd prize,Peter Bregg,1976
107,6,Not Specified,1976 Photo Contest,Photo Sequences,"01 January, 1975",https://www.worldpressphoto.org/getmedia/acc7c3c1-c07e-45d8-83c6-54b520568f48/1976-Peter-Bregg-PNS2-FF-(1)?maxsidesize=1920&resizemode=force,F:\Temp\1976\Peter Bregg\6.jpg,US President Gerald Ford takes a fall.,2nd prize,Peter Bregg,1976
108,1,Not Specified,1976 Photo Contest,Photo Sequences,"01 December, 1975",https://www.worldpressphoto.org/getmedia/9b249e39-76e6-42f8-bf48-66376909825c/1976-Jan-Stappenbeld-SNS1-AD-(1)?maxsidesize=1920&resizemode=force,F:\Temp\1976\Jan Stappenbeld\1.jpg,"A hostage is executed on hijacked train no. 734, near Wijster in The Netherlands.

A group of South Moluccans hijacked the train. appealing to the Dutch government to press for an independent state for their people in Indonesia. Their parents, many of whom fought on the side of the ruling Dutch during Indonesia's war of independence between 1945 and 1949, left Indonesia for fear of reprisals. For about 25 years they lived in temporary camps, often in poor conditions. They hoped to return but were gradually integrated into Dutch society. Currently some 40,000 South Moluccans live in the Netherlands.

Photographer Jan Stappenbeld was present at the World Press Photo press conference on 4 March 1976 in the Amsterdam Hilton hotel, where the winners of the 1976 contest were announced. When Plug journalist Aloys Ginjaar asked Stappenbeld if he was happy with his prize he said surprised: ‘Happy? Ofcourse I am not happy. I think it is horrible that acts of violence, such as the one I photographed, still happen in our world, even in our country. But I am a press photographer and my boss tells me to come back with news pictures. If news means the hijacking of a train, I cannot do much else than showing pictures of this. I would be a bad photojournalist if would not press the button if I encountered something that is worth photographing.’",1st prize,Jan Stappenbeld,1976
109,2,Not Specified,1976 Photo Contest,Photo Sequences,"01 December, 1975",https://www.worldpressphoto.org/getmedia/f1679e7d-0c85-4f8b-a544-5e00f756d97a/1976-Jan-Stappenbeld-SNS1-BD-(1)?maxsidesize=1920&resizemode=force,F:\Temp\1976\Jan Stappenbeld\2.jpg,"A hostage is executed on hijacked train no. 734, near Wijster in the Netherlands.

A group of South Moluccans hijacked the train, appealing to the Dutch government to press for an independent state for their people in Indonesia. Their parents, many of whom fought on the side of the ruling Dutch during Indonesia's war of independence between 1945 and 1949, left Indonesia for fear of reprisals. For about 25 years they lived in temporary camps, often in poor conditions. They hoped to return but were gradually integrated into Dutch society. Currently some 40,000 South Moluccans live in the Netherlands.

Photographer Jan Stappenbeld was present at the World Press Photo press conference on 4 March 1976 in the Amsterdam Hilton hotel, where the winners of the 1976 contest were announced. When Plug journalist Aloys Ginjaar asked Stappenbeld if he was happy with his prize he said surprised: ‘Happy? Ofcourse I am not happy. I think it is horrible that acts of violence, such as the one I photographed, still happen in our world, even in our country. But I am a press photographer and my boss tells me to come back with news pictures. If news means the hijacking of a train, I cannot do much else than showing pictures of this. I would be a bad photojournalist if would not press the button if I encountered something that is worth photographing.’",1st prize,Jan Stappenbeld,1976
110,3,Not Specified,1976 Photo Contest,Photo Sequences,"01 December, 1975",https://www.worldpressphoto.org/getmedia/7209115c-80b2-4631-8b98-523669f50d64/1976-Jan-Stappenbeld-SNS1-CD-(1)?maxsidesize=1920&resizemode=force,F:\Temp\1976\Jan Stappenbeld\3.jpg,"A hostage is executed on hijacked train no. 734 near Wijster in the Netherlands. 

A group of South Moluccans hijacked the train, appealing to the Dutch government to press for an independent state for their people in Indonesia. Their parents, many of whom fought on the side of the ruling Dutch during Indonesia's war of independence between 1945 and 1949, left Indonesia for fear of reprisals. For about 25 years they lived in temporary camps, often in poor conditions. They hoped to return but were gradually integrated into Dutch society. Currently some 40,000 South Moluccans live in the Netherlands.

Photographer Jan Stappenbeld was present at the World Press Photo press conference on 4 March 1976 in the Amsterdam Hilton hotel, where the winners of the 1976 contest were announced. When Plug journalist Aloys Ginjaar asked Stappenbeld if he was happy with his prize he said surprised: ‘Happy? Ofcourse I am not happy. I think it is horrible that acts of violence, such as the one I photographed, still happen in our world, even in our country. But I am a press photographer and my boss tells me to come back with news pictures. If news means the hijacking of a train, I cannot do much else than showing pictures of this. I would be a bad photojournalist if would not press the button if I encountered something that is worth photographing.’",1st prize,Jan Stappenbeld,1976
111,4,Not Specified,1976 Photo Contest,Photo Sequences,"01 December, 1975",https://www.worldpressphoto.org/getmedia/f614be50-a2f3-4898-bd88-13720b085d85/1976-Jan-Stappenbeld-SNS1-DD-(1)?maxsidesize=1920&resizemode=force,F:\Temp\1976\Jan Stappenbeld\4.jpg,"A hostage is executed on hijacked train no. 734 near Wijster in the Netherlands. 

A group of South Moluccans hijacked the train, appealing to the Dutch government to press for an independent state for their people in Indonesia. Their parents, many of whom fought on the side of the ruling Dutch during Indonesia's war of independence between 1945 and 1949, left Indonesia for fear of reprisals. For about 25 years they lived in temporary camps, often in poor conditions. They hoped to return but were gradually integrated into Dutch society. Currently some 40,000 South Moluccans live in the Netherlands.

Photographer Jan Stappenbeld was present at the World Press Photo press conference on 4 March 1976 in the Amsterdam Hilton hotel, where the winners of the 1976 contest were announced. When Plug journalist Aloys Ginjaar asked Stappenbeld if he was happy with his prize he said surprised: ‘Happy? Ofcourse I am not happy. I think it is horrible that acts of violence, such as the one I photographed, still happen in our world, even in our country. But I am a press photographer and my boss tells me to come back with news pictures. If news means the hijacking of a train, I cannot do much else than showing pictures of this. I would be a bad photojournalist if would not press the button if I encountered something that is worth photographing.’",1st prize,Jan Stappenbeld,1976
112,1,Not Specified,1976 Photo Contest,People in the News,"01 January, 1975",https://www.worldpressphoto.org/getmedia/52f63cbd-2916-468b-a950-1d50952de4f8/1976-Sven-Erik-Sjoberg-PNS3-AE?maxsidesize=1920&resizemode=force,F:\Temp\1976\Sven-Erik Sjöberg\1.jpg,"An abandoned boy in a rice paddy in a suburb of Phnom Penh, days before the republic's fall to the Khmer Rouge. His parents were killed and his home burnt during a mortar attack.",3rd prize,Sven-Erik Sjöberg,1976
113,2,Not Specified,1976 Photo Contest,People in the News,"01 January, 1975",https://www.worldpressphoto.org/getmedia/f483fe9f-0d77-43df-ac83-984d6dad1ff3/1976-Sven-Erik-Sjoberg-PNS3-BE?maxsidesize=1920&resizemode=force,F:\Temp\1976\Sven-Erik Sjöberg\2.jpg,"An abandoned boy in a rice paddy in a suburb of Phnom Penh, days before the republic's fall to the Khmer Rouge. His parents were killed and his home burnt during a mortar attack.",3rd prize,Sven-Erik Sjöberg,1976
114,3,Not Specified,1976 Photo Contest,People in the News,"01 January, 1975",https://www.worldpressphoto.org/getmedia/7b332d85-68be-4a4f-9917-d0b798b79e04/1976-Sven-Erik-Sjoberg-PNS3-CE?maxsidesize=1920&resizemode=force,F:\Temp\1976\Sven-Erik Sjöberg\3.jpg,"An abandoned boy in a rice paddy in a suburb of Phnom Penh, days before the republic's fall to the Khmer Rouge. His parents were killed and his home burnt during a mortar attack.",3rd prize,Sven-Erik Sjöberg,1976
115,4,Not Specified,1976 Photo Contest,People in the News,"01 January, 1975",https://www.worldpressphoto.org/getmedia/1b9d1666-c38e-49a6-bd6b-714664e15cdf/1976-Sven-Erik-Sjoberg-PNS3-DE?maxsidesize=1920&resizemode=force,F:\Temp\1976\Sven-Erik Sjöberg\4.jpg,"An abandoned boy in a rice paddy in a suburb of Phnom Penh, days before the republic's fall to the Khmer Rouge. His parents were killed and his home burnt during a mortar attack.",3rd prize,Sven-Erik Sjöberg,1976
116,5,Not Specified,1976 Photo Contest,People in the News,"01 January, 1975",https://www.worldpressphoto.org/getmedia/56394f81-2c23-4fe2-8df6-8a8f8f00bacc/1976-Sven-Erik-Sjoberg-PNS3-EE?maxsidesize=1920&resizemode=force,F:\Temp\1976\Sven-Erik Sjöberg\5.jpg,"An abandoned boy in a rice paddy in a suburb of Phnom Penh, days before the republic's fall to the Khmer Rouge. His parents were killed and his home burnt during a mortar attack.",3rd prize,Sven-Erik Sjöberg,1976
117,1,Not Specified,1976 Photo Contest,People in the News,"01 January, 1975",https://www.worldpressphoto.org/getmedia/c92108cd-39fb-4d10-bdf1-2600c2df897b/1976-Peter-Bregg-PNS2-AF?maxsidesize=1920&resizemode=force,F:\Temp\1976\Peter Bregg\1.jpg,US President Gerald Ford takes a fall.,2nd prize,Peter Bregg,1976
118,2,Not Specified,1976 Photo Contest,People in the News,"01 January, 1975",https://www.worldpressphoto.org/getmedia/e53984dd-1776-4f5f-b81b-6f23fed35976/1976-Peter-Bregg-PNS2-BF?maxsidesize=1920&resizemode=force,F:\Temp\1976\Peter Bregg\2.jpg,US President Gerald Ford takes a fall.,2nd prize,Peter Bregg,1976
119,3,Not Specified,1976 Photo Contest,People in the News,"01 January, 1975",https://www.worldpressphoto.org/getmedia/18ec0088-8935-4752-bdcf-d03c9bc94db0/1976-Peter-Bregg-PNS2-CF?maxsidesize=1920&resizemode=force,F:\Temp\1976\Peter Bregg\3.jpg,US President Gerald Ford takes a fall.,2nd prize,Peter Bregg,1976
120,4,Not Specified,1976 Photo Contest,People in the News,"01 January, 1975",https://www.worldpressphoto.org/getmedia/07fe7f4e-c337-4c41-b9c2-dd84f7471e84/1976-Peter-Bregg-PNS2-DF?maxsidesize=1920&resizemode=force,F:\Temp\1976\Peter Bregg\4.jpg,US President Gerald Ford takes a fall.,2nd prize,Peter Bregg,1976
121,5,Not Specified,1976 Photo Contest,People in the News,"01 January, 1975",https://www.worldpressphoto.org/getmedia/1da17968-6a9d-4500-9cc8-36aca6436cbd/1976-Peter-Bregg-PNS2-EF?maxsidesize=1920&resizemode=force,F:\Temp\1976\Peter Bregg\5.jpg,US President Gerald Ford takes a fall.,2nd prize,Peter Bregg,1976
122,6,Not Specified,1976 Photo Contest,People in the News,"01 January, 1975",https://www.worldpressphoto.org/getmedia/0f5f6c8e-ba25-4e51-9fd1-41dc4ac11c74/1976-Peter-Bregg-PNS2-FF?maxsidesize=1920&resizemode=force,F:\Temp\1976\Peter Bregg\6.jpg,US President Gerald Ford takes a fall.,2nd prize,Peter Bregg,1976
123,1,Not Specified,1976 Photo Contest,People in the News,"01 September, 1975",https://www.worldpressphoto.org/getmedia/ecf13e25-df54-41dc-aa55-888d7ad88a85/1976-Kent-E-Gavin-PN3?maxsidesize=1920&resizemode=force,F:\Temp\1976\Kent E. Gavin\1.jpg,"Police officer Don Acton weeps at the funeral of Sergeant Brian Dawson, who was shot during an armed siege in Leicester.",3rd prize,Kent E. Gavin,1976
124,1,Not Specified,1976 Photo Contest,People in the News,"01 January, 1975",https://www.worldpressphoto.org/getmedia/d9751795-915c-4f8b-b690-e2392bf81662/1976-Volker-Hinz-PN2?maxsidesize=1920&resizemode=force,F:\Temp\1976\Volker Hinz\1.jpg,"Mario Soares, socialist leader of Portugal.",2nd prize,Volker Hinz,1976
125,1,Not Specified,1976 Photo Contest,Sports,"01 January, 1975",https://www.worldpressphoto.org/getmedia/0be8f879-4ad8-4be6-86db-03c79171fed7/1976-James-Bourdier-SP1?maxsidesize=1920&resizemode=force,F:\Temp\1976\James Bourdier\1.jpg,Three speedboats flip over at the start of a race.,1st prize,James Bourdier,1976
